linear_regression,decision_tree,random_forest
0.02620579372141177,0.008241397898489265,0.00592004408516383
0.09850839783076318,0.05518677988677986,0.057622445081922734
0.9606384074374783,0.9876212661339502,0.9911079830014081
